,company_name,location
492,.,"Bloomfield Hills, Michigan"
384,2008 Lifetime Fitness,"Istanbul, Turkey"
4,2tm.us,"Babbitt, Minnesota"
215,40/40,"Chapel Hill, North Carolina"
68,8 East Restaurant,"Uniontown, Pennsylvania"
176,A9.com,"Como, Italy"
46,"ABBSales Engineer – Relay Division (July 1992 – March 1993) Coral Springs, FL ● Represented ABB’s Re","Pratapgarh, India"
634,ACN,"Parramatta, Australia"
257,AIPSO,
455,"ALPS Fund Services, Inc.","Ernst, Illinois"
629,AMP Incorporated,"Cookeville, Tennessee"
174,AOL Mobile Advertising / Third Screen Media,"Colts Neck, New Jersey"
66,"ASL Environmental Sciences, Ltd.","Dongguan, China"
686,ATEX,"Ramona, California"
557,Abso,"Pardubice, Czech Republic"
305,Academia Sinica,
178,Achieve Program,"Carbondale, Illinois"
612,Adept Consumer Testing,"Villanova, Pennsylvania"
457,Advice Personnel,"Ernst, Illinois"
180,Affect Strategies,"Surprise, Arizona"
566,Agency.com,"West Palm Beach, Florida"
22,AgencyQ,"Cary, North Carolina"
9,Agora Games,"Rivoli, Italy"
15,Airfarewatchdog.com,"Shady Side, Maryland"
659,"Aisin Electronics, Inc.","Los Angeles, California"
489,Alcatel-Lucent,"Cascais, Portugal"
83,Algonquin Books/Workman Publishing,"Outer West Durban, South Africa"
126,Alison Brod Public Relations,"Truckee, California"
142,All Smile Dental,"Escondido, California"
531,Allergan,"Bengaluru, India"
80,Alliance for a Healthier Generation,"Outer West Durban, South Africa"
348,Allmerica Financial,"Bengaluru, India"
169,"Alpha Beta Gamma, Beta Zeta Chapter","Colts Neck, New Jersey"
528,Alpha Epsilon Pi,"Ithaca, New York"
77,Alpha International,"London, United Kingdom"
727,Amazon,"Amazon, Montana"
10,America's Most Wanted,"Hardin, Kentucky"
28,"American Heart Association, Founders Affiliate","Spokane, Washington"
433,American Idol,
480,American Media,"Santiago de Querétaro, Mexico"
237,"Andrews Technology, Inc","Kingston, Jamaica"
201,Angel Dear,"Carson, California"
312,Animatrix,"Kolkata, India"
43,Aon Risk Solutions,"Anniston, Alabama"
473,Appleseed,"Sussex, New Jersey"
16,Arcadia Solutions,"Harare, Zimbabwe"
509,Arthur Andersen & Co,"Greenville, North Carolina"
464,Ascend Realty Group,"Tempe, Arizona"
352,Asempra Technologies,"Pune, India"
595,Ask Jeeves,"San Francisco, California"
127,"Atelier Creative Services, Inc.","Truckee, California"
196,Athena Health Inc,"Jiujiang Shi, China"
97,Athletic Republic,"Cape Girardeau, Missouri"
98,Attivio,"Cape Girardeau, Missouri"
288,Austral Capital Partners,"Mercer Island, Washington"
152,"Autodesk, Inc",
132,Autoweb.com,
245,Avalon Travel Publishing,"Basildon, United Kingdom"
570,Aveda,"Potomac, Maryland"
21,"Awesome, a Design Studio","Cary, North Carolina"
711,BAKER LINEN COMPANY,"Bengaluru, India"
44,BBN,"Pratapgarh, India"
741,BNY Mellon,"Philadelphia, Pennsylvania"
402,BU CS Ddepartment,"Montreal, Canada"
227,BUGA Bar Marketing Salesman,"Sutton, Massachusetts"
327,BabyCenter (Johnson & Johnson),"Champaign, Illinois"
316,Bain & Company,"Bains, France"
129,Ballston Spa Central School District,"Ballston Spa, New York"
387,Bank of America,"Ann Arbor, Michigan"
234,Bare Necessities,"Hillcrest, South Africa"
522,Bassenian Lagoni Architects,"Napoli, Italy"
86,Bedford/St. Martin's,"Bedford, Indiana"
191,"Benton & Bray, PS CPA","Benton, Arkansas"
183,Berkeley Hillel,"Berkeley, California"
600,Berlin Cameron,
290,Bessemer Venture Partners,"Mercer Island, Washington"
585,Big Media Group,"Atlanta, Georgia"
667,Black & Decker,"Memphis, Missouri"
680,Blitz Media,"Weißenburg in Bayern, Germany"
726,Bloomberg LP,"Inver Grove Heights, Minnesota"
373,Blue Sky Studios,"Bensalem, Pennsylvania"
235,"Bluelark Systems, Inc.","Hillcrest, South Africa"
645,Bluewolf,"Las Vegas, Nevada"
225,Bolt Beranek & Newman,"Sutton, Massachusetts"
536,"Bolt, Beranek, and Newman","Bengaluru, India"
637,Borders,
240,"Brainshark, Inc.","Dallas, Texas"
106,Brandthropology,"Dallas, Texas"
323,Brave River Solutions,"Golden, Colorado"
692,Brookstone,"Irvine, California"
565,Brunswick Group,"Rochester Hills, Michigan"
575,Bulk FR8 LLC,"Tinton Falls, New Jersey"
125,Burton Snowboards,"Truckee, California"
149,BzzAgent,
504,"CAPTEL, INC","Laidlaw, Canada"
439,CBM Capital,"Las Vegas, Nevada"
478,CBS Radio/WODS,
71,CBS4/Haystack Colorado,
610,CHIEFTAIN IRISH PUB,"Seattle, Washington"
361,CNN,"Neyveli T.S, India"
286,"CNN, WGAL Channel 11 News","Bengaluru, India"
539,CRC Industries,"Kingston, Jamaica"
537,"CRC, Construction","Bengaluru, India"
398,CVS/Caremark,"Monroeville, Pennsylvania"
62,CWRU Information Technology Services,"Augusta, Maine"
250,Calidora Skin Clinic,"Geneva, New York"
197,California Chamber of Commerce,"Commerce, California"
351,Calsoft,"Pune, India"
538,Cambridge Associates,"Cambridge, Massachusetts"
293,Cambridge Energy Research Associates,"Cambridge, Massachusetts"
38,Cambridge Interactive Development Corp,"Cambridge, Ohio"
562,Campuscred,"Bingham Lake, Minnesota"
561,Cargill,"Bingham Lake, Minnesota"
723,Carlson Companies,"Canberra, Australia"
719,Carnus Systems,"Berlin, Germany"
19,Cary Street Club,"Cary, North Carolina"
676,"Cascino Vaughan Law Offices, Ltd","Wien, Austria"
471,Caught the travel bug!,"Portland, Oregon"
187,Cavallin-Attias Sistemas,"Lititz, Pennsylvania"
431,"Cbr Systems, Inc.","San Francisco, California"
193,Cedara Software,
636,CenterLine Software,"Watkinsville, Georgia"
734,Centre for Olympic Studies - Universitat Autònoma de Barcelona,"Barcelona, Spain"
665,Certus Technology Systems,"Goodland, Kansas"
444,Charles River Associates,"Ashland, Massachusetts"
677,Cherng Loong,"Wien, Austria"
370,Chicago Sun-Times,"Chicago, Illinois"
683,"Cid Gallup, Nicaragua","College Park, Maryland"
735,CipherHealth,"Barcelona, Spain"
613,"Cision US, Inc","Villanova, Pennsylvania"
493,City Year,"San Antonio, Texas"
208,City of Salem- Council on Aging,"Malden, Massachusetts"
200,Citysquares.com,"Commerce, California"
638,Clear Carbon and Components,
601,Clear Channel Radio,"Jacksonville, Florida"
54,Cleveland Browns,"Cleveland, Tennessee"
593,Closeline / Montgomery Home Title,"London, United Kingdom"
542,CoachUp,"Boston, Massachusetts"
382,"Coast Guard Administration, Taiwan",
319,Codex Corporation,"Kampala, Uganda"
732,Collaboration between Exodus Nederland and Utrecht University,"Oakland, California"
574,CommVault,"Tinton Falls, New Jersey"
661,CommerceRoute,"Goodland, Kansas"
535,Commonwealth Financial Network,"Bengaluru, India"
192,Communities for Sustainable Monterey County,
222,"Compete, Inc.","Welcome, North Carolina"
67,Competitiveness.com,"Dongguan, China"
365,Complinet,"North Reading, Massachusetts"
313,Computerworld,"Quito, Ecuador"
641,Compuware,"Plymouth, Michigan"
236,CondeNet,"Hillcrest, South Africa"
300,Condé Nast International,"São Paulo, Brazil"
99,Congressman Russ Carnahan District Office,"Cape Girardeau, Missouri"
470,Consumer Programs Incorperated,"Portland, Oregon"
728,Context Integration,"Amazon, Montana"
271,"Converse, Inc","Spartanburg, South Carolina"
140,Conversen,"Acton, Massachusetts"
491,Core Fitness,"Bloomfield Hills, Michigan"
371,Coupa Software,"Chicago, Illinois"
214,Cowen and Company,"Chapel Hill, North Carolina"
137,Creative Artists Agency,"Beijing, China"
372,Creative Commons,"Clearville, Pennsylvania"
409,CrossCap,"Durgapur, India"
356,"CrossFit, Inc.","Karlsruhe, Germany"
39,Crown Awards,"Cambridge, Ohio"
621,Cruise Critic - Trip Advisor Media Group - Expedia,"Davis, California"
279,Cumulus Broadcasting,"Little Rock, Arkansas"
465,Currensee,"Tempe, Arizona"
517,Cvent,"Hurricane, Utah"
32,Cypress HCM,
159,"D. E. Shaw & Co., L.P.","Wasilla, Alaska"
525,DABAO Cosmetic,"Beijing, China"
134,DHgate.com,
494,"DRK, Inc.","Indianapolis, Indiana"
392,Dade County Public Schools STD Awareness Program,"Charlotte, North Carolina"
578,Dailey & Associates,"Dailey, Illinois"
513,Dallas Museum of Art,"Dallas, Texas"
482,Damon Berry and Associates,"Torreón, Mexico"
546,Dartmouth Publishing,"Buffalo, New York"
369,Dell,"Kalamazoo, Michigan"
47,Deloitte,"Austin, Texas"
33,"Deltacom, sold to Index Technologies",
729,Designershoes.com,"Amazon, Montana"
207,Devir,"Malden, Massachusetts"
116,Diamond Coleman Photography,"Pretoria, South Africa"
1,Diamond Resorts International,
40,Digitas,"Cambridge, Ohio"
581,"Disability Group, Inc.","Wuhan, China"
260,Disco Corporation,"Fresno, California"
564,Discoverlink,"Bingham Lake, Minnesota"
310,Disney Consumer Products,"Glendale, California"
131,Dow Jones (MarketWatch Division),
483,DragonSystems/Lernout&Hauspie,"Torreón, Mexico"
213,Draper Middle School (Rotterdam-Mohonasen),"Schenectady, New York"
385,Duane Morris LLP,"Truckee, California"
360,Duxbury Public School Systems,"Rolling Meadows, Illinois"
190,Dynamic Healthcare Technologies,"Ferno, Italy"
649,E-trav Educational Travel Alliance,"Las Vegas, Nevada"
294,EF Education First,"Amsterdam, Netherlands"
655,EF Tours,"Stockholm, Sweden"
695,ERA,"Era, Syria"
453,ESPN Radio 103.3 FM,"London, United Kingdom"
739,East Valley Consulting Inc.,"Abbotsford, Canada"
505,Eastern Mountain Sports,"Laidlaw, Canada"
206,Eberhardt School of Business,"Stockton, California"
233,"Education Catalysts, Inc","New Orleans, Louisiana"
635,Effective Networking,"Watkinsville, Georgia"
401,Eisner Camp,"Montreal, Canada"
133,ElectionMall Technologies,
660,Electric Insurance Company,"Los Angeles, California"
696,Elie Tahari,"Era, Syria"
408,Ellington Management Group,"Durgapur, India"
164,"Ellusionist, Inc.",
210,Enterprise Rent-A-Car,"Las Vegas, Nevada"
166,Epic,"Peoria, Illinois"
685,Episcopal High School,"Alexandria, Virginia"
454,Ernst & Young,"Ernst, Illinois"
162,Eveready Hardware,"Wasilla, Alaska"
259,Everyday Health,"Fresno, California"
416,Everyday Health Inc.,"Chongqing, China"
520,Executive Flooring Systems,"Hurricane, Utah"
185,Extension Media,"Rawalpindi, Pakistan"
399,Eze Castle Software,"Monroeville, Pennsylvania"
120,FEXCO,"Clayton, Alabama"
427,Fallon Worldwide,"Chengdu, China"
345,FerretCo Consulting,"Bengaluru, India"
705,Fidelity,"Fidelity, Illinois"
195,Financial Accounting Services,"Jiujiang Shi, China"
205,Fine Hotels Corp,
688,Finest City Broadcasting,"Ramona, California"
625,Firebird All-Stars,"Cary, North Carolina"
256,First Data Corporation,
658,Fitness and Wellness Professional Services,"Los Angeles, California"
472,Flatbread Pizza Co.,"Portland, Oregon"
510,Fog Creek Software,"Greenville, North Carolina"
64,Forever 21,"Dongguan, China"
451,Forrester Research,"London, United Kingdom"
679,Four Seasons Hotels and Resorts,
584,Fox 10 News,"Yorktown, Virginia"
74,Francepress,"Anet, France"
63,Freelance,"Papakura, New Zealand"
153,FreshSesame,
363,"Frieda's, Inc.","Albuquerque, New Mexico"
615,Friedman and Atherton LLP,"Villanova, Pennsylvania"
518,"Fulcrum Technologies, Ltd.","Hurricane, Utah"
619,Full Circle,"Davis, California"
381,Fuse-Research Network,"Philadelphia, Pennsylvania"
620,"Future US (formerly Imagine Media, Inc.)","Davis, California"
393,GMR Marketing,"Hyderabad, India"
466,GNX,"Seffner, Florida"
355,GSD&M,"Karlsruhe, Germany"
57,Gabriel Gomez for U.S. Senate,"Cleveland, Tennessee"
630,Galatea Associates,"Cookeville, Tennessee"
194,Game On! Sports Camp 4 Girls,
148,Gannett Online,
330,Gannett Welsh & Kotler,"Norman, Oklahoma"
740,GateGuru,"Ghaziabad, India"
51,"GazeHawk, Inc.","Phoenix, Arizona"
251,General Dynamics C4 Systems,"Geneva, New York"
643,"Genesis Consolidated Services, Inc.","Albuquerque, New Mexico"
249,Geneva Investment Management,"Geneva, New York"
580,Genzyme,"Boston, Massachusetts"
121,Gerson Lehrman Group,"London, United Kingdom"
576,Global Exchange,"Akron, Ohio"
501,Global Facilities Group,"Cincinnati, Ohio"
467,GoFish! Design,"Seffner, Florida"
342,Goldman Sachs,"Bengaluru, India"
24,Golf Channel,"Glenview, Illinois"
264,GolinHarris Dallas,"Dallas, Oregon"
560,Govig & Associates,"Sullivan, Missouri"
168,Graphthought,"Colts Neck, New Jersey"
20,GravityPeople,"Cary, North Carolina"
407,GreatSchools.net,"Durgapur, India"
182,Green Hills Software,"Barcelona, Spain"
672,Green Street Realty,"DeLand, Florida"
430,GreenAnswers,"San Francisco, California"
573,Gregg Baker Asian Art,"San Francisco, California"
17,HBO,"Trenčín, Slovakia"
497,Hadeler White Public Relations,"New Delhi, India"
605,Haemonetics,"Tijuana, Mexico"
725,Haggen Inc,"Menlo Park, California"
274,Harris Ideas,"Houston, Texas"
48,Harvest Electronics,"Sompura, India"
175,Harvey Mudd,"Claremont, California"
23,Health Fitness,"Johannesburg, South Africa"
720,HealthAct,"Canberra, Australia"
443,Hearst Digital,"Paris, France"
639,Herald Interactive,
529,Herbalife,"Hangzhou Shi, China"
368,Hewlett-Packard,"Perth Road, Canada"
440,HiCE,"Belington, West Virginia"
336,Hilton Worldwide,"Frankfurt am Main, Germany"
55,Hitachi Data Systems,"Cleveland, Tennessee"
344,Hoekstra HVAC,"Bengaluru, India"
498,Holy Rosary School,"Seattle, Washington"
553,Hoppe Law Firm,"Waukesha, Wisconsin"
254,"Hotel d'Urville, Marlborough, New Zealand",
331,Houghton Mifflin,"Geneva, Illinois"
255,Houghton Mifflin Company,
425,"HuaYu Co.,Ltd.","Chengdu, China"
383,Hub International,"Beltsville, Maryland"
662,Humane Borders,"Goodland, Kansas"
521,ICE Gallery,"Napoli, Italy"
138,ICON Capital Corp.,"Beijing, China"
684,IDG - Network World Inc.,"College Park, Maryland"
652,IMG Fashion,"Las Vegas, Nevada"
714,IRI Software,
527,Imagine Schools,"Apache Junction, Arizona"
110,Inacom,"North Smithfield, Rhode Island"
283,Infosys,"Bengaluru, India"
374,Infosys Technologies Ltd,"Bengaluru, India"
218,Innovative Interfaces,"Indore, India"
304,Insight Data Science,"Lando, South Carolina"
716,Insight Global,"Nairobi City, Kenya"
377,Institute for Systems Biology,"Seattle, Washington"
375,Institute for study of learning and expertise,"Bengaluru, India"
715,Integrate.com,
324,Intel Corporation,"Toronto, Canada"
608,"Intel Research Labs, Seattle","Seattle, Washington"
534,Interface Media Group,"Bengaluru, India"
107,Intermedex,"Dallas, Texas"
406,International Institute of Management Development,"Durgapur, India"
276,International Study Abroad Office,"Wuhan Shi, China"
263,Interworks/FroggyPay,"Washington, District of Columbia"
709,"Irish Life Experience, LLC","Bengaluru, India"
547,Iron Mountain Digital,"Iron Mountain, Michigan"
341,J-Curve Technologies,"Brea, California"
104,JP Morgan,"Dallas, Texas"
298,JVS,"San Francisco, California"
229,JWG Associates,"Sutton, Massachusetts"
664,Jack Madden Ford,"Goodland, Kansas"
445,Jack Madden Ford Sales,"Ashland, Massachusetts"
738,Jackson National Life Insurance Co.,"Beijing, China"
640,Jager Di Paola Kemp Design,
417,Jamba Juice,"Chongqing, China"
337,KAPLOW,"Long Branch, New Jersey"
181,KPMG,"Barcelona, Spain"
49,Kaktus Creative,"Phoenix, Arizona"
437,Kansas City Chiefs National Football League,"Visakhapatnam, India"
452,Katz Media Group,"London, United Kingdom"
50,Katzenbach Partners LLC,"Phoenix, Arizona"
468,Kenilworth Sailing Club,"Portland, Oregon"
670,Kenneth Cole Productions,"Los Angeles, California"
73,Kforce,"Tahlequah, Oklahoma"
216,Kimberly Mufferi Photography,"Chapel Hill, North Carolina"
523,Kirby McInerney,"Napoli, Italy"
346,Kym Abrams Design,"Bengaluru, India"
258,L'Albereta,
481,L.I.F.E,"Torreón, Mexico"
530,LTJ Arthur,"Hangzhou Shi, China"
563,La Colonial Tortilla Products Inc.,"Bingham Lake, Minnesota"
199,La Depeche du Midi,"Commerce, California"
103,Laboratory for Atmospheric and Space Physics,"Boulder, Colorado"
503,Laidlaw & Company (UK) Ltd.,"Laidlaw, Canada"
339,Lala's Wine Bar and Pizzeria,"Phoenix, Arizona"
303,"Lando & Anastasi, LLP","Lando, South Carolina"
224,Lane Sutton,"Sutton, Massachusetts"
476,Latham & Watkins,"Latham, New York"
592,Laurie Lomuscio A.E,"London, United Kingdom"
733,Le Moyne College,"Syracuse, New York"
555,League of Conservation Voters / Campaign for a Democratic Majority,"Waukesha, Wisconsin"
228,Leah Rae Cunningham,"Sutton, Massachusetts"
380,Lehman Brothers,"Philadelphia, Pennsylvania"
697,Leo Burnett,"Buchanan Dam, Texas"
403,Liberty Mutual,"Toronto, Canada"
516,Liberty Mutual Group,"Hurricane, Utah"
603,Lifeguard,"Malibu, California"
282,Lifetime Brands,"East Garden City, New York"
423,Light Reading,"Earley, United Kingdom"
413,Limn Furniture,"Chongqing, China"
85,Lingnan Foundation and Cal Corps Public Service Center,"New York, New York"
220,LinkedIn,"Budapest, Hungary"
158,Lion Imports (Boisset America),
111,Liquid Blue,"Saco, Maine"
626,Listen Inn,"Cary, North Carolina"
287,Literae LLC,"Mercer Island, Washington"
145,Live Nation,"Arcadia, California"
31,Location Labs,
587,Lotus Development,"Wardha, India"
532,Lotus Event Photography,"Bengaluru, India"
118,Louisiana Pacific,"Clayton, Alabama"
682,Luxury Attaché,"College Park, Maryland"
599,Lycos Asia,"Lucknow, India"
442,L´Oréal,"Paris, France"
78,MAC Cosmetics,"Outer West Durban, South Africa"
146,MAIL,"Marrakech, Morocco"
124,MCTV,"Caloocan, Philippines"
550,MFS Investment Management,"Iron Mountain, Michigan"
280,MSC Software,"Coimbatore, India"
266,MUBI (The Auteurs),"Dallas, Oregon"
334,MacArthur Associates,"Los Angeles, California"
589,Macy's,"Angono, Philippines"
204,Make-A-Wish Foundation of Arizona,
488,Make-A-Wish Foundation of Connecticut,
5,"Mamram, Israel Defense Forces","Babbitt, Minnesota"
556,Marcus Evans,"Evans, Washington"
508,Marketing,"Duiven, Netherlands"
157,Marvel Comics,
594,Mary Martin & Co.,"San Francisco, California"
681,Maryland Public Television,"College Park, Maryland"
441,Mass Ave UNIX Consulting,"Belington, West Virginia"
56,MassMutual Financial Group,"Cleveland, Tennessee"
325,Massachusetts Collaborative Law Council,"Chelmsford, Massachusetts"
507,Mayanot,"New York, New York"
117,Maywood Capital,"Arlington, Virginia"
656,McKinsey & Company,"Severna Park, Maryland"
11,McMaster-Carr,"Elmhurst, Illinois"
495,Media Contacts,"Towson, Maryland"
247,Menuism,"Basildon, United Kingdom"
602,Meredith,"Meredith, New Hampshire"
281,Merrill Lynch,"New York, New York"
514,MessageMakers,"Dallas, Texas"
242,Microcenter Electronics,"Basildon, United Kingdom"
391,Microsoft,"Charlotte, North Carolina"
36,Millipore,"Jaffrey, New Hampshire"
307,Milwaukee Symphony Orchestra,
96,MindComet,"Orlando, Florida"
549,MindShare (WPP Group),"Iron Mountain, Michigan"
540,"Minding Our Business Inc, Rider University","Lawrence Township, New Jersey"
332,Mindport Internet Services Inc.,"Geneva, Illinois"
614,"Mizuho Securities Co., Ltd.","Villanova, Pennsylvania"
35,Molson Sports & Entertainment,"Scottsdale, Arizona"
172,"MoreMagic Solutions, Inc","Colts Neck, New Jersey"
92,Mr Youth,"Tirupathi, India"
119,Multnomah County District Attorney's Office,"Clayton, Alabama"
446,Muzi Ford,"Ashland, Massachusetts"
246,My3Goals,"Basildon, United Kingdom"
628,NAGE,"Nages, France"
545,NEHRA Recruiting Event,"Buffalo, New York"
123,NESN,"Nabatiyat-at-Tahta, Lebanon"
484,NEWS-Line Publishing,"Torreón, Mexico"
177,NIST,"Ernakulam, India"
736,NMS Communications,"Barcelona, Spain"
606,NYC Mayor's Office of Contract Services,"New York, New York"
343,Narus Inc,"Bengaluru, India"
291,Nat & Co.,"Bangkok, Thailand"
675,National Congressional Campaign for Illinois’ 10th Congressional District,"Wien, Austria"
558,National Semiconductor,"Beijing, China"
52,Near-Time,"Rohtak, India"
100,Nellie Mae,"Eagle Pass, Texas"
275,"NetBase Solutions, Inc.","Houston, Texas"
248,Neurometrix,"Lucknow, India"
693,New Canaan Country School,"New Canaan, Connecticut"
477,New York State - Office for Technology,
141,News America ( for NHK - Nippon Hoso Kyokai) TV,"Acton, Massachusetts"
12,Ning,"Qingyang, China"
163,Niskayuna Central School District,
165,Nokia Research Center,"Palo Alto, California"
328,Norman Community Church,"Norman, Oklahoma"
262,Northeast Utilities,"Washington, District of Columbia"
69,Northrop Grumman Corporation,"El Segundo, California"
299,Nova Marketing,"São Paulo, Brazil"
306,Novabase,
597,O'Melveny and Myers,"Pittsburgh, Pennsylvania"
463,ONStor,"Tempe, Arizona"
79,Oak Pacific Interactive,"Outer West Durban, South Africa"
499,Oakland Raiders,"Seattle, Washington"
76,Office of International Programs,"San Francisco, California"
270,Office of U.S. Senator John Kerry,"Dallas, Oregon"
113,Oliveri and Associates,"Pretoria, South Africa"
297,Omni Tucson National,"Tucson, Arizona"
604,One to One Interactive,"Toronto, Canada"
122,OneSource Information Services,"London, United Kingdom"
349,"OpenPages, Inc","Bengaluru, India"
502,Openwave Systems Inc,"Cincinnati, Ohio"
241,Outback Steak House,"Basildon, United Kingdom"
412,PEPID,"Railway Pier, United Kingdom"
651,PSG Global Solutions,"Las Vegas, Nevada"
265,"PSMJ Resources, Inc.","Dallas, Oregon"
432,Pacific Imaging Technologies,"San Francisco, California"
27,Pamiris,"Spokane, Washington"
596,Panasas,"Pittsburgh, Pennsylvania"
588,Pareto,"Pareto, Italy"
396,Park Avenue Club,"Pueblo, Colorado"
34,PayPal,"Scottsdale, Arizona"
322,Peak Systems,"Golden, Colorado"
674,Peaks Athletic Club,"Wien, Austria"
226,Penta Dynamic Solutions,"Sutton, Massachusetts"
511,People Magazine,"Beijing, China"
653,PerksCard,"Las Vegas, Nevada"
82,Philadelphia Inquirer,"Outer West Durban, South Africa"
622,Philadelphia Soul,"Philadelphia, Pennsylvania"
338,Phoenix Data Systems,"Phoenix, Arizona"
223,Pick Mi Date,"Cambridge, Massachusetts"
713,Piero’s Trattoria,
114,Pita Jungle,"Pretoria, South Africa"
654,Planetghar.com,"Las Vegas, Nevada"
198,"PowerAdvocate, Inc.","Commerce, California"
112,PricewaterhouseCoopers,"Pretoria, South Africa"
84,Private Family,"New York, New York"
551,ProHealth Care,"Waukesha, Wisconsin"
487,Proclaim Management Solutions,"Torreón, Mexico"
189,Professional Staffing Group,"Ferno, Italy"
496,Project Concern International,"New Delhi, India"
154,Proteus Design,
109,Providence Emergency Management Agency,"North Smithfield, Rhode Island"
699,PurchasePro.com,"Buchanan Dam, Texas"
710,Puzzled.by,"Bengaluru, India"
544,Q Model Management,"Buffalo, New York"
424,Qantas Airways,"Parañaque, Philippines"
308,Quigo Technologies,
340,QuoteWizard,"Phoenix, Arizona"
18,RCG LLC,"Trenčín, Slovakia"
623,RDW Group,"Philadelphia, Pennsylvania"
648,RWM Insurance,"Las Vegas, Nevada"
333,Random House,"Kingston upon Thames, United Kingdom"
143,Rapture Nightlife Entertainment,"Escondido, California"
420,ReSee,"Springfield, Michigan"
139,Readak,"Acton, Massachusetts"
568,Real Fork,"Little Elm, Texas"
88,"Realty Executives, Prestige Properties","Bedford, Indiana"
591,Red Bull,"London, United Kingdom"
150,RedSky Interactive,
526,Reed Business Interactive,"Beijing, China"
167,RegionalMerchants,"Colts Neck, New Jersey"
700,Rejuvalife Vitality Institute,"Buchanan Dam, Texas"
8,Reproxdigital,"Ōsaka-shi, Japan"
238,Resound,"Ichinomiya-shi, Japan"
243,Resources Global Professionals,"Basildon, United Kingdom"
0,Reuters Ltd,
462,RevCollectv,"Tempe, Arizona"
718,Ricoh Americas Corporation,"Berlin, Germany"
128,Ripley Greene Chiropractic Wellness Center,"Truckee, California"
657,Robert Frost Middle School,"Los Angeles, California"
426,Robert and Karen Hoehn Print Galleries,"Chengdu, China"
147,Rock of Ages,
421,Rodale's Scuba Diving,"Springfield, Michigan"
707,Ropes & Gray LLP,"Kesgrave, United Kingdom"
428,Royall & Co.,"Canton, Massachusetts"
410,Ruder Finn,"Durgapur, India"
572,SCORE! Educational Centers,"San Francisco, California"
694,SE Technologies,"Toms River, New Jersey"
434,SEBRA Engineering and Research,
429,SFUSD,"San Francisco, California"
724,SLAC National Accelerator Laboratory,"Menlo Park, California"
2,SLEEP GALLERY BY MATTRESS OUTLET,
359,Sacramento News & Review,"Sacramento, California"
358,Sacramento State University,"Sacramento, California"
217,Sage Computing,"Indore, India"
586,Saint Alphonsus Regional Medical Center,"Boise, Idaho"
42,Saks Fifth Avenue,"Anniston, Alabama"
598,San Jose Bar and Grill,"San Jose, New Mexico"
202,Sane Solutions (acquired by Unica),"Carson, California"
353,Sanford C. Bernstein,"Fort Bragg, North Carolina"
362,Schweichler Price & Partners,"Neyveli T.S, India"
590,Scott Public Relations,"Shakopee, Minnesota"
219,"Scouler Andrews, LLC","Indore, India"
156,Seattle International Film Festival,
607,Secretly Canadian/Jagjaguwar/Dead Oceans Record Labels,"New York, New York"
25,SelTel,"Wiesensteig, Germany"
335,"Sempire Systems, Inc.","New York, New York"
678,Shaft Drillers International,"Wien, Austria"
541,Shanghai Chinips Hi,"Shanghai, China"
354,Share Interactive,"Fort Bragg, North Carolina"
315,Shopping.com,"Overland Park, Kansas"
309,Shopzilla,
261,Siebel Systems,"Fresno, California"
624,Siemens Healthcare,"Cary, North Carolina"
500,Siemens Industry US,"Cincinnati, Ohio"
37,Silicon Graphics,"Labège, France"
650,Silverado Jewelry Gallery,"Las Vegas, Nevada"
583,Silverberg Surgical and Medical Group,"Boston, Massachusetts"
673,Sirius Satellite Radio,"Charlotte, North Carolina"
221,Ski Utah,"Park City, Utah"
449,"Skidmore, Owings & Merrill LLP","Chicago, Illinois"
188,Sky Italia,"Ferno, Italy"
311,"SmartRoute Systems, Inc","Glendale, California"
296,Smarter Travel,"Amsterdam, Netherlands"
347,Social Justice Learning Institute,"Bengaluru, India"
102,Softwarejobs.com,"Olympia, Washington"
456,Solis Lighting and Electrical Services,"Ernst, Illinois"
136,Solo Journey around the world: 23 Countries- One Year,"Cardigan, United Kingdom"
461,Southwest Institute of Healing Arts,"Tempe, Arizona"
155,Southwestern Advantage,
475,Sovereign Bank,"Bristol, United Kingdom"
26,Spokane Community College,"Spokane, Washington"
186,Sprint Nextel,"Lititz, Pennsylvania"
395,"Sproxil, Inc","Center Line, Michigan"
394,Standard & Poor's,"Center Line, Michigan"
422,Standard Beverage Corporation,"Springfield, Michigan"
708,Standard Electric,"Bengaluru, India"
321,Star Asset Recovery,"Boston, Massachusetts"
644,Starbucks Coffee Company,"London, United Kingdom"
277,Starcom MediaVest Group,"Wuhan Shi, China"
318,"Starwood Hotels & Resorts Worldwide, Inc.","Kampala, Uganda"
515,State Street,"Hurricane, Utah"
378,Storage Computer,"Seattle, Washington"
418,Structured Portfolio Management,"Chongqing, China"
320,Student Advantage,"Boston, Massachusetts"
269,Sugar Bowl Bakery,"Dallas, Oregon"
75,Sugarbush Resort,"Surprise, Arizona"
317,Sun Microsystems,"Bains, France"
376,Sunbelt Software,"Bengaluru, India"
379,Sunglass Hut International,"London, United Kingdom"
389,Supply Chain and Logistics Technologies (SCL),"Ann Arbor, Michigan"
367,"SwoopTEXT, LLC","North Reading, Massachusetts"
314,Sysix Technologies,"Quito, Ecuador"
173,SystemSoft,"Colts Neck, New Jersey"
58,TEKsystems,"Cleveland, Tennessee"
458,TOMS Shoes,"Laurel Park, North Carolina"
7,TTC,"Ōsaka-shi, Japan"
669,TV Globo Afiliate- Tv Santa Cruz (Ilhéus-Itabuna),"Los Angeles, California"
101,Tagged,"Olympia, Washington"
666,Talbot's,"Brookfield, Wisconsin"
171,Tapat Project,"Colts Neck, New Jersey"
571,"Target, Inc.","Severn, Maryland"
474,TargetCast tcm,"Sussex, New Jersey"
397,Teach for America,"Miami, Florida"
211,Team TAG,"Rocklin, California"
30,TechPartners International,
302,TechStudios7,"Shanghai, China"
577,TechTarget,"Islamabad, Pakistan"
13,Techempower,"Qingyang, China"
524,Technisource,"Napoli, Italy"
632,Ted Strickland For Gov. Campaign,"Montréal, Canada"
115,Tele2,"Pretoria, South Africa"
548,Telerep,"Iron Mountain, Michigan"
364,Teradyne,"North Reading, Massachusetts"
231,The Black Tie,"New Orleans, Louisiana"
161,The Center for Unviersal Reflexology,"Wasilla, Alaska"
730,The Clorox Company,"Oakland, California"
618,The Generation Companies,"Patna, India"
687,The Journal Newspapers,"Ramona, California"
91,The Library Hotel Collection,"Oudergem, Belgium"
490,The Madison Square Garden Company,"Nashville, Tennessee"
239,The McGraw-Hill Companies,"Dallas, Texas"
616,The Mobile Solution,"Bengaluru, India"
135,The Nest,"Cardigan, United Kingdom"
268,The Online Reporter; Rider Research,"Dallas, Oregon"
65,"The Ritz-Carlton Hotel Company, L.L.C.","Dongguan, China"
689,The Running Store,"Union Mills, North Carolina"
448,The ScottCare Corporation,"Ashland, Massachusetts"
130,The State Theatre,
267,"The Times-News; Lee Publicaitons, Inc.","Dallas, Oregon"
278,The Walt Disney Company,"New York, New York"
411,The Waterfront Restaurant,"Railway Pier, United Kingdom"
617,The Westin St John Resort & Villas,"Bengaluru, India"
543,ThinkTank Learning,"Santa Clara, California"
284,Thinking Machines Corporation,"Bengaluru, India"
631,Tic Toc,"Montréal, Canada"
415,Tigris Recruitment,"Chongqing, China"
642,Time Inc.,"Albuquerque, New Mexico"
144,Time Warner Cable Advertising,"Escondido, California"
105,Time Warner Investments,"Dallas, Texas"
731,Timon jeugd- en (jong)volwassenenzorg,"Oakland, California"
671,Titaneer,"Los Angeles, California"
292,Todd English Enterprises,"Bangkok, Thailand"
29,Toshiba Business Solutions-CA,
90,Towers Perrin,"Oudergem, Belgium"
436,Towns Sports International,"Visakhapatnam, India"
459,Townsend Public Affairs,"Oakland, California"
706,"Traffic Operations and Safety Lab, University of Wisconsin",
743,Travel Education Center,"Sam Rong Nua, Thailand"
94,Traveling Light Media,"Tirupathi, India"
59,Triage Consulting Group,"Cleveland, Tennessee"
722,Tribune Media Services,"Canberra, Australia"
512,Trinity Management Services,"San Francisco, California"
6,TripAdvisor,"Babbitt, Minnesota"
567,Tripping International,"Rajahmundry, India"
633,Triumvirate Environmental,"Montréal, Canada"
663,Truth Productions LLC,"Goodland, Kansas"
45,Truth Tax Services,"Pratapgarh, India"
627,Tuatara Corporation,"Cary, North Carolina"
506,Twelve Beverage,"Papakura, New Zealand"
170,UCSD Summer Research Program,"Colts Neck, New Jersey"
668,UGO Entertainment,"Los Angeles, California"
552,UMass Lowell and Middlesex Community College,"Waukesha, Wisconsin"
460,US Airways,"Jackson, Tennessee"
61,US Treasury,"Augusta, Maine"
647,"UUSee, Inc.","Las Vegas, Nevada"
184,"UnLtd, Foudation for Social Entrepreneurs","Berkeley, California"
485,Undergroundhiphop.com,"Torreón, Mexico"
582,United Airlines,"Boston, Massachusetts"
419,United States Navy,"Springfield, Michigan"
742,United States Senate,"Fort Wayne, Indiana"
357,University Cellular Repair,"Karlsruhe, Germany"
703,University Club atop Symphony Towers - ClubCorp of America,"Thousand Oaks, California"
569,University of Colorado Student Union,"Durango, Colorado"
704,Up With People,"Thousand Oaks, California"
295,Urban Outfitters,"Amsterdam, Netherlands"
326,Urban Wallace & Associates,"Champaign, Illinois"
691,VINCI Facilities,"Bogotá, Colombia"
721,VacationHomeRentals.com,"Canberra, Australia"
414,Valassis,"Chongqing, China"
273,Valeant Pharmaceuticals,"Spartanburg, South Carolina"
386,Vanguard,"Vanguard, Canada"
479,Velveteen Films,
108,Vertica,"Nilje Gaon, India"
388,VestelNet,"Ann Arbor, Michigan"
329,VideoMining Corporation,"Norman, Oklahoma"
611,Villanova University Law School,"Villanova, Pennsylvania"
179,Virtualis,"Zalaegerszeg, Hungary"
438,Vital Climbing SF,"San Francisco, California"
400,Voice of the Box,"Montreal, Canada"
701,Vonage,"Buchanan Dam, Texas"
93,WGBH,"Tirupathi, India"
698,WGBH Educational Foundation,"Buchanan Dam, Texas"
289,Waldbillig and Besteman,"Mercer Island, Washington"
712,Wall Street Webcasting,"Bengaluru, India"
95,Walt Disney World,"Orlando, Florida"
450,Walter P Moore,"Carthage, North Carolina"
203,Waltham Boys and Girls Club,"Waltham, Massachusetts"
350,Warner Bros. Records,"Bengaluru, India"
60,WealthEngine,"Cleveland, Tennessee"
469,WebQA,"Portland, Oregon"
41,Wediko Children's Services,"Windsor, New Hampshire"
212,West End Capital Management - Bermuda,"Rocklin, California"
272,White Digital Media Inc,"Spartanburg, South Carolina"
244,Wireless Channels/Malsha Imports,"Basildon, United Kingdom"
70,Women's Press - San Luis Obispo,"San Luis Obispo, California"
404,Wonders Information Co. Ltd.,"Toronto, Canada"
579,Woody's Surf Shack,"Dailey, Illinois"
447,Workbridge Associates,"Ashland, Massachusetts"
285,Worklight RPO,"Bengaluru, India"
690,World Courier,"Bogotá, Colombia"
435,World Teach,"Visakhapatnam, India"
554,Wright Entertainment Group,"Waukesha, Wisconsin"
53,Xerox Corporation,"Webster, New York"
533,"Xyplex, Inc.","Bengaluru, India"
3,Yelp,"Babbitt, Minnesota"
81,York Daily Record,"Outer West Durban, South Africa"
89,Young & Rubicam,"Young, Australia"
252,Youth Employment Program,"Port Louis, Mauritius"
209,ZEFER,
230,Zeta Gestión de Medios,"Sutton, Massachusetts"
160,Zoom Information,"Wasilla, Alaska"
646,ZoomInfo,"Las Vegas, Nevada"
232,bridges.org,"New Orleans, Louisiana"
405,brol.com - Travel to Brazil with Experts,"Toronto, Canada"
390,de facto image building,"Ann Arbor, Michigan"
72,eBusiness Technologies,"Tahlequah, Oklahoma"
151,ecomentum LLC,
253,i2 Technologies,"Toms River, New Jersey"
702,iD Tech Camps,"Thousand Oaks, California"
519,marketingworx PR,"Hurricane, Utah"
87,mediabistro.com,"Bedford, Indiana"
366,nTAG Interactive,"North Reading, Massachusetts"
14,rockwellgroup,"Shady Side, Maryland"
609,salesforce.com,"Seattle, Washington"
559,sullivan & Bille,"Sullivan, Missouri"
737,"the Institute of Acoustics, Chinese Academy of Sciences","Beijing, China"
301,the Xinhua International Travel Service,"Shanghai, China"
486,wikiHow.com,"Torreón, Mexico"
717,"working abroad in Berlin, Germany","Berlin, Germany"
